Patient_Name,Email,Age,BloodPressure,BMI,Glucose,Outcome
Denise Walker,eric51@gmail.com,50,72,33.6,148,1
Larry Roman,elizabethmiles@gmail.com,31,66,26.6,85,0
Danielle Ford,donald88@hotmail.com,32,64,23.3,183,1
James Robinson,kayla51@hotmail.com,21,66,28.1,89,0
Nathan Cortez,millertodd@gmail.com,33,40,43.1,137,1
Karen Pierce,jeffreymorgan@hotmail.com.au,30,74,25.6,116,0
Michelle Brown,hopkinsmichael@yahoo.com.au,26,50,31.0,78,1
Victoria Garcia,novaksara@yahoo.com,29,0,35.3,115,0
Sean Barrera,silvawesley@hotmail.com.au,53,70,30.5,197,1
Andrea Jones,panderson@hotmail.com,54,96,0.0,125,1
Lisa Hart,darrell18@yahoo.com,30,92,37.6,110,0
Christina Walters,davenportbrandi@yahoo.com,34,74,38.0,168,1
Stephanie Flynn,vpham@yahoo.com,57,80,27.1,139,0
Amanda Ruiz,gregory40@gmail.com,59,60,30.1,189,1
Erik Obrien,william65@yahoo.com.au,51,72,25.8,166,1
Mary Gray,clarence34@yahoo.com,32,0,30.0,100,1
Danielle Alvarez,jcontreras@hotmail.com.au,31,84,45.8,118,1
Nathan Wagner,taylorjesse@yahoo.com,31,74,29.6,107,1
Erin Owens,priceelizabeth@yahoo.com.au,33,30,43.3,103,0
William Ferguson,aramirez@hotmail.com,32,70,34.6,115,1
Joshua Cooke,stricklandfrank@hotmail.com,27,88,39.3,126,0
Laura Odonnell,atkinsonlynn@gmail.com,50,84,35.4,99,0
Ronald Zimmerman,snydermark@yahoo.com.au,41,90,39.8,196,1
Spencer Haynes,richardsanchez@hotmail.com.au,29,80,29.0,119,1
Patrick Rivera,tina34@yahoo.com,51,94,36.6,143,1
Joseph Hill,rayglenda@yahoo.com,41,70,31.1,125,1
David Grant,andreamoore@yahoo.com.au,43,76,39.4,147,1
David Mann,harrisonkevin@yahoo.com.au,22,66,23.2,97,0
Kyle Preston,fwalters@gmail.com,57,82,22.2,145,0
Michael Hodge,cindy77@gmail.com,38,92,34.1,117,0
Jessica Wolfe,robert77@yahoo.com,60,75,36.0,109,0
Tammy Romero,tinaallen@yahoo.com.au,28,76,31.6,158,1
Patrick Thornton,cindy61@hotmail.com,22,58,24.8,88,0
Mark Clay,michael62@yahoo.com,28,92,19.9,92,0
Angela Pitts,mbruce@yahoo.com.au,45,78,27.6,122,0
Laura Andrews,parkerscott@hotmail.com.au,33,60,24.0,103,0
Elizabeth Burgess,bakerdavid@hotmail.com,35,76,33.2,138,0
Rodney Bentley,davispaige@yahoo.com,46,76,32.9,102,1
Patrick Bautista,james17@gmail.com,27,68,38.2,90,1
Felicia Zhang,kristy39@hotmail.com,56,72,37.1,111,1
Patrick Fox,fjones@hotmail.com,26,64,34.0,180,0
Lori Richards,qedwards@hotmail.com,37,84,40.2,133,0
Ronald Davis,michael98@yahoo.com,48,92,22.7,106,0
Brian Bruce,xpeterson@hotmail.com,54,110,45.4,171,1
Brittney Webster,djoyce@gmail.com,40,64,27.4,159,0
Pamela Roberts,zroberts@gmail.com,25,66,42.0,180,1
Lisa Collier,curtisscott@yahoo.com,29,56,29.7,146,0
Patricia Snyder,newmantiffany@gmail.com,22,70,28.0,71,0
Julian Conner,michaelhardin@yahoo.com.au,31,66,39.1,103,1
Anthony Mccoy,lucasrodney@hotmail.com,24,0,0.0,105,0
Daniel Meza,jenkinserica@yahoo.com,22,80,19.4,103,0
Richard Young,moniquewilliams@yahoo.com.au,26,50,24.2,101,0
Kelli Martinez,sarah52@yahoo.com,30,66,24.4,88,0
Charles Thornton,rodriguezrebecca@hotmail.com.au,58,90,33.7,176,1
Doris Smith,john19@hotmail.com,42,66,34.7,150,0
Robert Thompson,justinatkins@gmail.com,21,50,23.0,73,0
Robert Kim,murphykenneth@yahoo.com.au,41,68,37.7,187,1
Jeremy West,kimberlydiaz@yahoo.com.au,31,88,46.8,100,0
Meghan Rush,davidfarrell@yahoo.com.au,44,82,40.5,146,0
Dr. Walter Downs DDS,tanner82@hotmail.com.au,22,64,41.5,105,0
Yvonne Higgins,guerraapril@hotmail.com,21,0,0.0,84,0
Darin Meza,frykelli@hotmail.com,39,72,32.9,133,1
Andre Small,kathleenrobertson@gmail.com,36,62,25.0,44,0
Jerry Thomas,nlevy@hotmail.com.au,24,58,25.4,141,0
Linda Cameron,andersoncolin@hotmail.com,42,66,32.8,114,1
Jacob Thomas,brittney88@hotmail.com.au,32,74,29.0,99,0
Alan Rivera,jedwards@yahoo.com.au,38,88,32.5,109,1
Logan Ruiz,shellyhendrix@hotmail.com,54,92,42.7,109,0
Gregory Peck,johnsantiago@hotmail.com.au,25,66,19.6,95,0
Jennifer Love,sarahjohnson@yahoo.com.au,27,85,28.9,146,0
Tonya Howe,jennifer05@hotmail.com,28,66,32.9,100,1
Savannah Prince,greenmichael@yahoo.com,26,64,28.6,139,0
Caitlin Parks,christian91@gmail.com,42,90,43.4,126,1
Brittany Murphy,ascott@yahoo.com,23,86,35.1,129,0
Melody Weaver,vegadorothy@hotmail.com.au,22,75,32.0,79,0
Willie Long,pachecorobert@gmail.com,22,48,24.7,0,0
Amanda Harper,valerieboyd@yahoo.com.au,41,78,32.6,62,0
Leslie Moss,meredith27@gmail.com,27,72,37.7,95,0
Cesar Sanchez,sharonhayden@gmail.com,26,0,43.2,131,1
Michael Padilla,robert93@yahoo.com,24,66,25.0,112,0
Craig Hall,gutierrezmegan@yahoo.com,22,44,22.4,113,0
Kathy Brooks,jamesfox@hotmail.com,22,0,0.0,74,0
Tyler Stevens,jacobsonsamantha@yahoo.com,36,78,29.3,83,0
Thomas Cohen,masonterri@gmail.com,22,65,24.6,101,0
Gina Mack,normanbowers@yahoo.com,37,108,48.8,137,1
Brandon Hahn,hardyanita@yahoo.com,27,74,32.4,110,0
Caroline Adams,vbrock@yahoo.com.au,45,72,36.6,106,0
Lindsey Dominguez,ssalinas@gmail.com,26,68,38.5,100,0
Charles Turner,vrasmussen@yahoo.com.au,43,70,37.1,136,1
Kayla Stone,kimheather@hotmail.com,24,68,26.5,107,0
Ashley Sweeney,mclaughlinnicole@yahoo.com.au,21,55,19.1,80,0
Daniel Ramirez,lisamccarthy@hotmail.com,34,80,32.0,123,0
Emily Allen,ytaylor@hotmail.com.au,42,78,46.7,81,0
John Mckinney,amber07@hotmail.com.au,60,72,23.8,134,1
Ronald Potter,mariopadilla@hotmail.com,21,82,24.7,142,0
Nicole Jenkins,heather57@yahoo.com.au,40,72,33.9,144,0
Sarah Davis,rkramer@gmail.com,24,62,31.6,92,0
Timothy Moore,rubendavis@gmail.com,22,48,20.4,71,0
Kevin Stone,caseyelliott@hotmail.com.au,23,50,28.7,93,0
Daniel Goodman,kimberly04@yahoo.com,31,90,49.7,122,1
Elizabeth Brown,kathrynbest@gmail.com,33,72,39.0,163,1
Cindy Livingston,collinssamuel@yahoo.com,22,60,26.1,151,0
Audrey Salazar,rogersruben@hotmail.com.au,21,96,22.5,125,0
Kayla Brown,marcbutler@hotmail.com,24,72,26.6,81,0
Barbara Nunez,xcuevas@yahoo.com,27,65,39.6,85,0
Tara Johnson,carpenterwilliam@yahoo.com.au,21,56,28.7,126,0
Tracey Young,steven11@yahoo.com,27,122,22.4,96,0
Michael Williams,davidbrown@yahoo.com,37,58,29.5,144,0
Mark Newman,reyesronald@hotmail.com,25,58,34.3,83,0
Jill Hernandez,kcooper@hotmail.com.au,24,85,37.4,95,1
Francis Robinson,brittanydrake@hotmail.com,24,72,33.3,171,1
Heather Bradley,brian29@yahoo.com,46,62,34.0,155,1
Mr. Tom Foster,xrosales@hotmail.com.au,23,76,31.2,89,0
Walter Walker,jonathan10@gmail.com,25,62,34.0,76,0
Dr. Johnny Gray,brooke97@gmail.com,39,54,30.5,160,1
Jessica Brown,daniellerowland@yahoo.com.au,61,92,31.2,146,1
John Jacobson,larellano@yahoo.com,38,74,34.0,124,1
Jason Nichols,hendersonvanessa@yahoo.com.au,25,48,33.7,78,0
Deanna Bartlett,natalie46@yahoo.com.au,22,60,28.2,97,0
Donald Thomas,dennismccann@yahoo.com.au,21,76,23.2,99,0
Jason Brewer,xwilliams@yahoo.com,25,76,53.2,162,1
Mark Martinez,josephortiz@gmail.com,24,64,34.2,111,0
Brandi Thompson,gabrielle71@hotmail.com,23,74,33.6,107,0
Dean Dawson,megan82@hotmail.com,69,80,26.8,132,0
Molly Hansen,obrown@hotmail.com.au,23,76,33.3,113,1
Cheyenne Wilson,hayesjason@yahoo.com,26,30,55.0,88,1
Pamela Miller,david68@hotmail.com.au,30,70,42.9,120,0
Elizabeth Carter,wheelerbrandon@gmail.com,23,58,33.3,118,0
Ashley Wallace,campbellkristen@yahoo.com.au,40,88,34.5,117,1
Sandra Dudley,shinton@hotmail.com,62,84,27.9,105,1
Shelly Phelps,moralessuzanne@hotmail.com,33,70,29.7,173,1
Matthew Robles,clayscott@gmail.com,33,56,33.3,122,1
Sean Warren,ebooth@yahoo.com.au,30,64,34.5,170,1
Mr. Daniel Schneider,pamela83@yahoo.com.au,39,74,38.3,84,0
Robert Richard,lydianewton@yahoo.com.au,26,68,21.1,96,0
Tara Long,morenobrandon@yahoo.com.au,31,60,33.8,125,0
Richard Kent,megan85@hotmail.com.au,21,70,30.8,100,0
Michelle Parks,brianbrown@hotmail.com,22,60,28.7,93,0
Melinda Thomas MD,ogreer@hotmail.com,29,80,31.2,129,0
Tracey Phillips,sarahcarlson@hotmail.com.au,28,72,36.9,105,0
Kenneth Howard,wbarajas@gmail.com,55,78,21.1,128,0
Tanner Austin,phillipsdenise@hotmail.com,38,82,39.5,106,0
Tina Medina,angela93@hotmail.com,22,52,32.5,108,0
Jeffrey Smith,qfoster@gmail.com,42,66,32.4,108,1
Jeanne Salinas,robertbrewer@hotmail.com.au,23,62,32.8,154,0
Sandy Lee,nhayes@hotmail.com,21,75,0.0,102,0
Holly Stewart,larnold@hotmail.com.au,41,80,32.8,57,0
Charles Ryan,xwalker@hotmail.com.au,34,64,30.5,106,0
Jonathan Davis,bradclark@hotmail.com,65,78,33.7,147,0
Andrew Wong,shawdon@yahoo.com,22,70,27.3,90,0
Cody Cox,macdonalddylan@yahoo.com,24,74,37.4,136,0
Jennifer Costa,ecarlson@yahoo.com,37,65,21.9,114,0
Christina Heath,cwood@hotmail.com.au,42,86,34.3,156,1
James Chapman,daniel69@hotmail.com,23,82,40.6,153,0
Logan Braun,seanlyons@yahoo.com,43,78,47.9,188,1
Robert Mendez,jennifer90@yahoo.com,36,88,50.0,152,1
Samuel Galvan,hwillis@gmail.com,21,52,24.6,99,0
Krista Barber,xhart@yahoo.com,23,56,25.2,109,0
Steven Atkins,thomasgomez@hotmail.com.au,22,74,29.0,88,0
Christina Moss,raymond92@gmail.com,47,72,40.9,163,1
Joshua Shaw,vmullen@hotmail.com,36,90,29.7,151,0
Michael Watson,otaylor@hotmail.com.au,45,74,37.2,102,0
Elijah Hart,rmartinez@hotmail.com.au,27,80,44.2,114,0
Dominique Nguyen DDS,cnelson@hotmail.com,21,64,29.7,100,0
Clinton Johnson,christopherhuynh@yahoo.com.au,32,88,31.6,131,1
Jessica Martinez,zfernandez@gmail.com,41,74,29.9,104,1
Christopher Smith,jenniferbrewer@yahoo.com.au,22,66,32.5,148,0
Cynthia Duran,brandonnichols@yahoo.com,34,68,29.6,120,0
Mike Acosta,jamesskinner@yahoo.com.au,29,66,31.9,110,0
Dr. Janice Proctor,michaelwilliams@yahoo.com,29,90,28.4,111,0
Erika Jackson,deanna81@yahoo.com,36,82,30.8,102,1
Richard Sherman PhD,caseymoore@hotmail.com,29,70,35.4,134,1
Ricardo Hunter,daniel81@gmail.com,25,0,28.9,87,0
Amanda Rodriguez,yshort@gmail.com,23,60,43.5,79,0
Nicholas Davenport,bpark@gmail.com,33,64,29.7,75,0
Kathy Sandoval,birdcaitlin@hotmail.com.au,36,72,32.7,179,1
William Lewis,jessicacummings@yahoo.com.au,42,78,31.2,85,0
Elizabeth Cross,wmaddox@hotmail.com.au,26,110,67.1,129,1
Donna Foster,charlesfrank@hotmail.com,47,78,45.0,143,0
Jennifer Diaz,sanchezchristine@yahoo.com,37,82,39.1,130,1
Michael Rodriguez,james94@gmail.com,32,80,23.2,87,0
Mary Alvarado,matthew62@gmail.com,23,64,34.9,119,0
Eric Ferrell,shane23@yahoo.com,21,74,27.7,0,0
Ellen Thornton,edwin31@yahoo.com,27,60,26.8,73,0
Logan Carlson,antonioduran@gmail.com,40,74,27.6,141,0
Michael Harris,oblack@gmail.com,41,68,35.9,194,1
Eric Carey,nicoledavis@hotmail.com,60,68,30.1,181,1
Becky Wilson,jessica74@yahoo.com,33,98,32.0,128,1
Mrs. Pamela Smith,delgadobenjamin@gmail.com,31,76,27.9,109,1
Brandon Rodriguez,swarren@yahoo.com,25,80,31.6,139,1
Veronica Rice,wilsonsteven@gmail.com,21,62,22.6,111,0
Yvonne Gutierrez,martha77@gmail.com,40,70,33.1,123,0
Joe Grimes,hancockkaren@hotmail.com,36,66,30.4,159,1
Jonathan Young,shortsharon@yahoo.com,40,0,52.3,135,1
Michelle Boyd,edward41@gmail.com,42,55,24.4,85,0
Hayley Flores,simmonsharold@hotmail.com.au,29,84,39.4,158,1
Erik Roth,qwhite@hotmail.com,21,58,24.3,105,0
Andre Alvarez,pallen@hotmail.com.au,23,62,22.9,107,1
Glen Cervantes,georgegina@hotmail.com.au,26,64,34.8,109,1
Matthew Brown,aguilarcheryl@hotmail.com.au,29,60,30.9,148,1
Amy Santana,elainewells@yahoo.com,21,80,31.0,113,0
Christian Bright,jhicks@yahoo.com.au,28,82,40.1,138,0
Lindsey Lane,millschelsea@yahoo.com,32,68,27.3,108,0
Kimberly Riley,ashleydouglas@hotmail.com,27,70,20.4,99,0
Angela Wagner,cooperchristopher@yahoo.com,55,72,37.7,103,0
Nicole Gutierrez,noahthornton@yahoo.com.au,27,72,23.9,111,0
Timothy Cole,chambersmarie@gmail.com,57,76,37.5,196,1
Heather Hardy,jonowens@gmail.com,52,104,37.7,162,1
Michael Contreras,probinson@gmail.com,21,64,33.2,96,0
Benjamin Duncan,imartinez@hotmail.com,41,84,35.5,184,1
Mark Benjamin,mccluresamuel@yahoo.com,25,60,27.7,81,0
Whitney Allen,tracysmith@hotmail.com.au,24,85,42.8,147,0
Mackenzie Conway,marcoconnell@yahoo.com,60,95,34.2,179,0
Barbara Thomas,douglasnelson@yahoo.com.au,24,65,42.6,140,1
Amanda White,hogangina@yahoo.com.au,36,82,34.2,112,1
Amanda Newman,kimberlynguyen@gmail.com,38,70,41.8,151,1
James Walker,schwartzbrian@yahoo.com,25,62,35.8,109,1
Christopher Cooper,lriley@yahoo.com,32,68,30.0,125,0
Amanda Esparza,braysteven@yahoo.com,32,74,29.0,85,1
Seth Sims,steven05@hotmail.com,41,66,37.8,112,1
Patricia Taylor,shannon51@yahoo.com,21,60,34.6,177,1
James White,wigginsjesse@hotmail.com.au,66,90,31.6,158,1
Matthew Buchanan,ian22@yahoo.com,37,0,25.2,119,0
Laura Alexander MD,thomas49@yahoo.com,61,60,28.8,142,0
Brian Mendoza,ryansean@gmail.com,26,66,23.6,100,0
Evan Jacobs,lindawaller@yahoo.com.au,22,78,34.6,87,0
Kevin Miller,froberts@gmail.com,26,76,35.7,101,0
Eric Hansen,trevor19@hotmail.com,24,52,37.2,162,1
Mark Alvarez,palmerkatie@yahoo.com,31,70,36.7,197,0
Shelia Serrano,mariepope@hotmail.com.au,24,80,45.2,117,0
Sydney Wilson,jasonzavala@yahoo.com.au,22,86,44.0,142,1
Patricia Todd,michael89@yahoo.com,46,80,46.2,134,1
Laura Smith,maryzavala@yahoo.com.au,22,80,25.4,79,0
Pam Edwards,broberts@yahoo.com,29,68,35.0,122,0
Jacob Smith,rhardy@hotmail.com.au,23,68,29.7,74,0
Melvin Clements,eric99@gmail.com,26,72,43.6,171,1
Dakota Bates,ttaylor@yahoo.com.au,51,84,35.9,181,1
Katherine Spencer,lisa90@hotmail.com,23,90,44.1,179,1
Hunter Bell,odomnicholas@yahoo.com.au,32,84,30.8,164,1
Ariel Leonard,vargasjoshua@hotmail.com.au,27,76,18.4,104,0
Gregory Jones,sharon89@yahoo.com.au,21,64,29.2,91,0
Helen Hernandez,bwashington@yahoo.com.au,22,70,33.1,91,0
Denise Johnson,duncanvincent@gmail.com,22,54,25.6,139,1
Brandon Greene,natasha25@yahoo.com.au,33,50,27.1,119,1
Walter Obrien,michelemartin@yahoo.com.au,29,76,38.2,146,0
Donald Miller,aarongonzalez@hotmail.com,49,85,30.0,184,1
Danielle Reeves,rebeccamccann@yahoo.com,41,68,31.2,122,0
Lisa Burke,nanderson@hotmail.com.au,23,90,52.3,165,0
Collin White,charles80@gmail.com,34,70,35.4,124,0
Heather Obrien,hthomas@hotmail.com,23,86,30.1,111,0
Valerie Campbell,harrisonfrank@yahoo.com.au,42,52,31.2,106,0
Herbert Fletcher,robertjones@yahoo.com.au,27,84,28.0,129,0
Michael Becker,marcus01@hotmail.com.au,24,80,24.4,90,0
David Allen,kalvarez@hotmail.com.au,25,68,35.8,86,0
Louis Hamilton,dphillips@hotmail.com.au,44,62,27.6,92,1
Kayla Gutierrez,ctodd@hotmail.com.au,21,64,33.6,113,1
Dr. Cody Lopez,fballard@yahoo.com,30,56,30.1,111,0
Alexis Waller,jameshudson@yahoo.com.au,25,68,28.7,114,0
Sarah Reynolds,simpsonsheila@hotmail.com,24,50,25.9,193,0
Dwayne Lee,jamesobrien@gmail.com,51,76,33.3,155,1
Daniel Williams,carrilloangela@yahoo.com,34,68,30.9,191,0
Tammy Kim,fgill@gmail.com,27,0,30.0,141,1
Chad Allison,agutierrez@yahoo.com.au,24,70,32.1,95,0
Jeremy Carrillo,isabellagriffin@yahoo.com,63,80,32.4,142,0
Stephen Harrington,zamoraamber@hotmail.com,35,62,32.0,123,1
William Rodriguez,danielblack@yahoo.com,43,74,33.6,96,0
Charles Simmons,sbarajas@yahoo.com.au,25,0,36.3,138,1
Charles Martinez,watsonvickie@hotmail.com,24,64,40.0,128,0
Brenda Lawrence,mdavenport@yahoo.com,21,52,25.1,102,0
Michael Hernandez,stephanieweaver@gmail.com,28,0,27.5,146,1
Kathryn Smith,robertheath@hotmail.com,38,86,45.6,101,1
Ariana Jackson,hdavid@gmail.com,21,62,25.2,108,0
Nicole Cruz,kevinrussell@gmail.com,40,78,23.0,122,0
Brenda Fernandez,brandon89@gmail.com,21,78,33.2,71,0
Ronald Hardy,robertwoodard@yahoo.com.au,52,70,34.2,106,0
Mariah Jones,james94@yahoo.com,25,70,40.5,100,0
Mr. Johnathan Padilla,nicoledaniel@hotmail.com,29,60,26.5,106,1
Melissa Patel MD,flee@hotmail.com.au,23,64,27.8,104,0
Jessica Jones MD,sherryparsons@hotmail.com.au,57,74,24.9,114,0
Lauren Miller,michellecobb@hotmail.com.au,22,62,25.3,108,0
Jeffrey Oliver,laurabrown@hotmail.com,28,70,37.9,146,1
Stephen Rowe,vgreene@hotmail.com.au,39,76,35.9,129,0
Jason Martin,coxcharles@gmail.com,37,88,32.4,133,0
Cheyenne Willis,sharon47@yahoo.com,47,86,30.4,161,1
Todd Rowland,kristine53@gmail.com,52,80,27.0,108,1
Samuel Schmitt,zadams@hotmail.com.au,51,74,26.0,136,0
Christina Roy,ronald76@yahoo.com.au,34,84,38.7,155,0
James White,yeseniagoodwin@hotmail.com.au,29,86,45.6,119,1
Diane Reed,scarrillo@yahoo.com.au,26,56,20.8,96,0
Alvin Taylor,ybrown@yahoo.com,33,72,36.1,108,0
Jesse Kline,april25@yahoo.com.au,21,88,36.9,78,0
Jennifer Paul,summerscassidy@yahoo.com,25,62,36.6,107,1
Kenneth Mclaughlin,nicole84@gmail.com,31,78,43.3,128,1
Jennifer Gill,kingjenna@yahoo.com,24,48,40.5,128,1
Barry Kelley,scottwilliams@hotmail.com.au,65,50,21.9,161,0
Elizabeth Williams,perrydaniel@hotmail.com,28,62,35.5,151,0
Taylor Foster,mcclurerobert@hotmail.com.au,29,70,28.0,146,1
Raven Nielsen,parkerjoann@yahoo.com,24,84,30.7,126,0
Kathleen Harris,knoxelizabeth@yahoo.com,46,78,36.6,100,1
Jane Morris,jennifersanchez@yahoo.com,58,72,23.6,112,0
Jerome Reid,jonathanford@yahoo.com.au,30,0,32.3,167,1
Chad Harrison,kelsey58@yahoo.com.au,25,58,31.6,144,1
Matthew House,fmccarthy@hotmail.com.au,35,82,35.8,77,0
Jeffery Holt,daviskim@yahoo.com.au,28,98,52.9,115,1
Christopher Brooks,caleb09@yahoo.com,37,76,21.0,150,0
Deborah Moses,hestermorgan@gmail.com,29,76,39.7,120,0
Stephen Taylor,catherineross@hotmail.com.au,47,68,25.5,161,1
Timothy Galvan,olsonamber@yahoo.com,21,68,24.8,137,0
Wendy Johnson,ostokes@hotmail.com,25,68,30.5,128,1
Gina Vargas,danielsmith@yahoo.com.au,30,68,32.9,124,1
Jonathan Bryant,qevans@yahoo.com,41,66,26.2,80,0
Michael Mooney,phyllis33@yahoo.com,22,70,39.4,106,0
Savannah Garcia,allentracy@hotmail.com.au,27,74,26.6,155,1
William Lambert,patrickcooke@yahoo.com.au,25,50,29.5,113,0
Amy Stout,andersonjamie@yahoo.com,43,80,35.9,109,1
Andrew Whitney,batesbradley@gmail.com,26,68,34.1,112,0
Daniel Anderson,chadoconnor@yahoo.com,30,80,19.3,99,0
Brittany Riddle,alejandro63@yahoo.com.au,29,74,30.5,182,1
Monica Parker,nicholasmoss@gmail.com,28,66,38.1,115,0
David Franklin,shirleymartin@gmail.com,59,78,23.5,194,1
Johnny Baxter,lawsontami@hotmail.com.au,31,60,27.5,129,0
Sara Palmer,wallspatricia@yahoo.com.au,25,74,31.6,112,1
Erin Gomez,kevin62@hotmail.com.au,36,70,27.4,124,1
Mary Gonzales MD,fburns@yahoo.com,43,90,26.8,152,1
Thomas Cameron,todd63@hotmail.com.au,21,75,35.7,112,0
Pamela Lin,ronaldjensen@gmail.com,24,72,25.6,157,0
Eric Schultz,mramirez@gmail.com,30,64,35.1,122,1
Jack Torres,willisrhonda@yahoo.com,37,70,35.1,179,0
Benjamin Payne,gbarnes@gmail.com,23,86,45.5,102,1
Carl Williams,kevin34@hotmail.com,37,70,30.8,105,0
Kim Carter,hollowayjeffrey@hotmail.com,46,72,23.1,118,0
Veronica Osborne,ldavis@yahoo.com.au,25,58,32.7,87,0
Katherine Blair,asmith@gmail.com,41,0,43.3,180,1
Teresa Greene,bryancurtis@hotmail.com,44,80,23.6,106,0
Thomas Johnson,david10@hotmail.com.au,22,60,23.9,95,0
Kyle Shelton,ygriffin@yahoo.com.au,26,76,47.9,165,0
Tina Ramirez,patrickcarpenter@yahoo.com.au,44,0,33.8,117,0
Cynthia Smith,nicholasjohnson@yahoo.com.au,44,76,31.2,115,1
Angela Monroe,daniel00@hotmail.com.au,33,78,34.2,152,1
Sandra Frazier,velasqueztaylor@hotmail.com,41,84,39.9,178,1
Christopher Pratt,daniellejohnson@hotmail.com,22,70,25.9,130,0
Rachel Williams,cwoods@hotmail.com,36,74,25.9,95,0
Mark Cisneros,wendylawson@yahoo.com,22,68,32.0,0,0
Adrian Miranda,bonillatracy@hotmail.com,33,86,34.7,122,0
Manuel Becker,onash@yahoo.com.au,57,72,36.8,95,0
Julie Nichols,nthomas@hotmail.com,49,88,38.5,126,0
Robert Clarke,davisrachel@hotmail.com,22,46,28.7,139,0
Gregory Barnes,hlin@yahoo.com.au,23,0,23.5,116,0
Terri Mathews DDS,wgutierrez@hotmail.com,26,62,21.8,99,0
Phillip Wilson,schultzwesley@gmail.com,37,80,41.0,0,1
Ricardo Arnold,bjohnson@yahoo.com,29,80,42.2,92,0
Tyler Haney,mckinneydavid@gmail.com,30,84,31.2,137,0
Mark Green,denisewalker@yahoo.com,46,82,34.4,61,0
Renee Gray,roberta36@gmail.com,24,62,27.2,90,0
Katelyn Garrett,sara39@gmail.com,21,78,42.7,90,0
Holly Roach,suzanne19@hotmail.com.au,49,88,30.4,165,1
Katherine Andrade,brenda49@hotmail.com.au,28,50,33.3,125,1
Rhonda Jordan,jennifer19@yahoo.com.au,44,0,39.9,129,1
Francisco Gonzalez,meaganpowell@hotmail.com.au,48,74,35.3,88,0
Alexis Harrison,brandonsmith@gmail.com,29,76,36.5,196,1
Brandon Ramsey,qwalsh@gmail.com,29,64,31.2,189,1
Mary Bray,tonypeterson@hotmail.com.au,63,70,29.8,158,0
Eric Gibson,mcgeejohn@yahoo.com.au,65,108,39.2,103,0
Kiara Bell,richardwheeler@hotmail.com.au,67,78,38.5,146,1
Anthony Wright,janice40@gmail.com,30,74,34.9,147,0
Samuel Watts,freemanjohn@gmail.com,30,54,34.0,99,0
Wanda Conley,gina02@yahoo.com.au,29,72,27.6,124,1
Amanda Lane,rlandry@hotmail.com,21,64,21.0,101,0
Bryce Pope,brownkevin@yahoo.com.au,22,86,27.5,81,0
Brenda Koch,samantha94@yahoo.com,45,102,32.8,133,1
Charles Saunders,aowens@yahoo.com.au,25,82,38.4,173,1
Jennifer Campos,nelsonvalerie@gmail.com,21,64,0.0,118,0
Krystal Vaughn,dannysmith@hotmail.com.au,21,64,35.8,84,0
Ashley Johnson,williamlyons@yahoo.com,25,58,34.9,105,0
Brett Chapman,albert25@hotmail.com.au,28,52,36.2,122,0
Michelle Myers,johnsonjessica@yahoo.com,58,82,39.2,140,1
Meghan Morris,halenicholas@hotmail.com.au,22,82,25.2,98,0
Jessica Mitchell,nlee@hotmail.com.au,22,60,37.2,87,0
Steven Castaneda,brennaneric@hotmail.com,32,75,48.3,156,1
Tara Porter,shafferanne@hotmail.com.au,35,100,43.4,93,0
Andrea Butler,vfleming@gmail.com,24,72,30.8,107,0
Jamie Martinez,ritteralexis@yahoo.com,22,68,20.0,105,0
Jessica Campbell,shelly84@yahoo.com,21,60,25.4,109,0
Joshua Garcia,bbenton@yahoo.com.au,25,62,25.1,90,0
James Wilcox,katherinepeterson@hotmail.com.au,25,70,24.3,125,0
Timothy Goodwin,matthew60@hotmail.com.au,24,54,22.3,119,0
Richard Patrick,stephanie72@hotmail.com,35,74,32.3,116,1
Johnny Perez,burkemichael@gmail.com,45,100,43.3,105,1
Cynthia Nguyen,lindseydixon@hotmail.com.au,58,82,32.0,144,1
James Aguilar,marycarter@yahoo.com,28,68,31.6,100,0
Ethan Compton,qcraig@yahoo.com,42,66,32.0,100,0
Bruce Ortiz,veronicaanderson@hotmail.com.au,27,76,45.7,166,1
James Hawkins,watkinsmitchell@yahoo.com.au,21,64,23.7,131,0
Nathan Ramirez,davidhill@yahoo.com.au,37,72,22.1,116,0
Tabitha Zhang,shelly96@yahoo.com.au,31,78,32.9,158,1
Brian Mccarthy,mannleroy@gmail.com,25,58,27.7,127,0
Justin Monroe,cynthiadavis@hotmail.com.au,39,56,24.7,96,0
Andrea Grant,danielibarra@hotmail.com,22,66,34.3,131,1
Matthew Wilson,blamb@yahoo.com.au,25,70,21.1,82,0
Monica Morgan,penaapril@hotmail.com,25,70,34.9,193,1
Jennifer Robbins,hallkelsey@yahoo.com,31,64,32.0,95,1
Jamie Morales,qharris@hotmail.com.au,55,61,24.2,137,0
Daniel Russell,daymartin@gmail.com,35,84,35.0,136,1
Terri Watkins,ugardner@yahoo.com,38,78,31.6,72,0
Scott Haney,sross@gmail.com,41,64,32.9,168,1
Spencer Nelson,asmith@yahoo.com,26,48,42.1,123,0
Abigail Miles MD,dakotarobinson@yahoo.com,46,72,28.9,115,1
Kelly Newman,kevin13@hotmail.com.au,25,62,21.9,101,0
Henry Roberson,patrickwhite@gmail.com,39,74,25.9,197,1
Aaron Collins,janicethompson@yahoo.com,28,68,42.4,172,1
Marcia Brown,jessicamiller@yahoo.com.au,28,90,35.7,102,0
Jennifer Reid,danastevens@yahoo.com,25,72,34.4,112,0
Nancy Collins,burnsbeth@hotmail.com,22,84,42.4,143,0
Michael Jackson,thomasmcdonald@hotmail.com,21,74,26.2,143,0
Steven Morris,swatkins@yahoo.com.au,21,60,34.6,138,1
David Brooks,stephaniebradley@yahoo.com,22,84,35.7,173,1
Anthony Davis,melvinruiz@yahoo.com.au,22,68,27.2,97,0
Ronald Mccarthy,walter09@hotmail.com.au,37,82,38.5,144,1
Brenda Lopez,marshallchristopher@gmail.com,27,68,18.2,83,0
Adam Flores,tinaschmidt@yahoo.com.au,28,64,26.4,129,1
Gabrielle Villa,katie08@hotmail.com,26,88,45.3,119,0
Jeremy Evans,samanthaberger@hotmail.com.au,21,68,26.0,94,0
Jacqueline Thomas,heatherwilliams@hotmail.com.au,21,64,40.6,102,0
Michael Lopez,carrjessica@hotmail.com.au,21,64,30.8,115,0
Gary Price,christopher85@hotmail.com,36,78,42.9,151,1
John Moore,victoriaduncan@yahoo.com,31,78,37.0,184,1
Harold Robinson,reyesdenise@yahoo.com.au,25,0,0.0,94,0
Brenda Harvey,gregorygiles@yahoo.com,38,64,34.1,181,1
Andre Lane,eatkins@yahoo.com.au,26,94,40.6,135,0
Lisa Hays,jdouglas@yahoo.com,43,82,35.0,95,1
Erin Benson,jennifer42@hotmail.com.au,23,0,22.2,99,0
Michael Moore,teresaschneider@hotmail.com.au,38,74,30.4,89,0
James Howe,rosscorey@hotmail.com,22,74,30.0,80,0
Joseph Figueroa,escobardavid@hotmail.com,29,75,25.6,139,0
Pamela Woods,briannareid@yahoo.com.au,36,68,24.5,90,0
Kyle Vasquez,haroldhodges@hotmail.com,29,0,42.4,141,1
Michael Carson,chelseamoore@hotmail.com.au,41,85,37.4,140,0
Derrick Cantu,theresawang@gmail.com,28,75,29.9,147,0
Michelle Phillips,joshualawson@yahoo.com.au,21,70,18.2,97,0
Desiree Wood,susan57@yahoo.com,31,88,36.8,107,0
Jack Gonzalez,mccannkimberly@hotmail.com.au,41,104,34.3,189,1
Julie Santos,adam60@gmail.com,22,66,32.2,83,0
Scott Silva,jamesmartin@hotmail.com,24,64,33.2,117,0
Alyssa Rich,shepardjoy@hotmail.com,33,70,30.5,108,1
Daniel Davis,beanjoshua@hotmail.com,30,62,29.7,117,1
Alexandra Stone,buchanananthony@yahoo.com,25,78,59.4,180,1
Derek Morris,hmcneil@yahoo.com.au,28,72,25.3,100,0
Joshua Taylor,pauljennifer@hotmail.com,26,80,36.5,95,0
Danielle Blair,randysmith@yahoo.com.au,22,64,33.6,104,1
Sean Arellano,bryan56@gmail.com,26,74,30.5,120,0
Vanessa Greer,annaschmidt@gmail.com,23,64,21.2,82,0
Michael Osborn,derek40@gmail.com,23,70,28.9,134,1
Nicholas Wheeler,jamiethomas@hotmail.com,25,68,39.9,91,0
Kelly Warren,trichards@yahoo.com.au,72,0,19.6,119,0
Ann Dennis,smithjennifer@yahoo.com.au,24,54,37.8,100,0
Jeffrey Baker,deborah77@hotmail.com.au,38,62,33.6,175,1
Robin Fuller,joshuabowers@hotmail.com,62,54,26.7,135,0
Christopher Hansen,josephzimmerman@hotmail.com,24,68,30.2,86,0
Paul Chung,christina15@yahoo.com,51,84,37.6,148,1
Brittney Haney,yburton@hotmail.com,81,74,25.9,134,0
Dennis Wood,stevenssamuel@hotmail.com.au,48,72,20.8,120,0
Joan Santos,amanda45@yahoo.com,26,62,21.8,71,0
Joshua Maldonado,vchandler@gmail.com,39,70,35.3,74,0
Travis Hughes,warrenandrew@hotmail.com.au,37,78,27.6,88,0
Anna Smith,lisawallace@hotmail.com.au,34,98,24.0,115,0
Emily Carter,morganmichael@yahoo.com,21,56,21.8,124,0
Jared Howard,ypowell@gmail.com,22,52,27.8,74,0
Justin Lynch,colongabrielle@yahoo.com.au,25,64,36.8,97,0
Melanie Williams,nathanmonroe@gmail.com,38,0,30.0,120,1
Deanna Weeks,rachelfreeman@yahoo.com,27,78,46.1,154,0
Dawn Becker,farmerlindsay@yahoo.com,28,82,41.3,144,0
Charles Harper,rachelbrown@yahoo.com.au,22,70,33.2,137,0
Danny Burton,benjamin13@gmail.com,22,66,38.8,119,0
Patricia Wilson,jmendoza@yahoo.com.au,50,90,29.9,136,0
Dustin Simon,dstephenson@yahoo.com.au,24,64,28.9,114,0
George Ortega,prodriguez@yahoo.com.au,59,84,27.3,137,0
Daniel Arnold,edwardstewart@yahoo.com,29,80,33.7,105,1
Katelyn Bishop,brandy77@hotmail.com,31,76,23.8,114,0
Robert Moore,taylorparker@yahoo.com.au,39,74,25.9,126,0
Victoria Cox,suzanneflores@gmail.com,63,86,28.0,132,0
Steven Butler,cookanthony@hotmail.com.au,35,70,35.5,158,1
Christina Harrison,michelle10@yahoo.com,29,88,35.2,123,0
Cassandra Brown,jamesreese@gmail.com,28,58,27.8,85,0
Rebecca Hall,douglas89@yahoo.com,23,82,38.2,84,0
Sarah Avila,raven09@yahoo.com.au,31,0,44.2,145,1
Patrick Davis,dmarshall@hotmail.com,24,68,42.3,135,1
Steven Hayes,myersedward@hotmail.com,21,62,40.7,139,0
Eric Moses,alara@yahoo.com.au,58,78,46.5,173,0
George Collins,angela95@yahoo.com,28,72,25.6,99,0
Kenneth Pruitt,ywaters@hotmail.com,67,80,26.1,194,0
Anthony Wright,alexandragordon@yahoo.com,24,65,36.8,83,0
Samuel Evans,jasminechavez@yahoo.com,42,90,33.5,89,0
Caleb Parrish,mcintoshdonald@gmail.com,33,68,32.8,99,0
Heather Kelly,newmanangela@gmail.com,45,70,28.9,125,1
Amanda Blake,ssmith@gmail.com,22,0,0.0,80,0
Ronald Sanders,hharris@gmail.com,66,74,26.6,166,0
Shelly Gonzalez,dcortez@yahoo.com.au,30,68,26.0,110,0
Karen Carlson,debbiemaddox@hotmail.com,25,72,30.1,81,0
Edward Johnson,sbrown@yahoo.com,55,70,25.1,195,1
Allen Jimenez,russomary@yahoo.com.au,39,74,29.3,154,0
Mike Newton,dylan78@yahoo.com.au,21,90,25.2,117,0
David Taylor,ggilmore@hotmail.com.au,28,72,37.2,84,0
Dawn Pierce,jenniferbarry@hotmail.com.au,41,68,39.0,0,1
Benjamin Clements,wolfekevin@yahoo.com.au,41,64,33.3,94,0
Kevin Mendoza,fblake@yahoo.com.au,40,78,37.3,96,0
Misty Baldwin,khill@yahoo.com.au,38,82,33.3,75,0
Autumn Black,lwilliams@yahoo.com,35,90,36.5,180,1
Jeremy Haynes,samuel61@gmail.com,21,60,28.6,130,0
Jonathon Sanchez,kevinfrancis@yahoo.com.au,21,50,30.4,84,0
Alexandria Warren,knightjohn@yahoo.com.au,64,78,25.0,120,0
Ronald Russell,tyler16@hotmail.com.au,46,72,29.7,84,1
Michele Waters,holttheresa@hotmail.com.au,21,62,22.1,139,0
Debra Nelson,kaylazamora@yahoo.com,58,68,24.2,91,0
Michael Marquez,klove@yahoo.com.au,22,62,27.3,91,0
Andrea Martinez,alvarezpaul@gmail.com,24,54,25.6,99,0
Rebecca Brown,sarah53@yahoo.com,28,70,31.6,163,1
Christopher Burch,daniel34@yahoo.com.au,53,88,30.3,145,1
David Boone,nathanwarner@hotmail.com.au,51,86,37.6,125,0
Jared Robinson,henryjennifer@yahoo.com.au,41,60,32.8,76,0
Derrick Buck,donald64@yahoo.com,60,90,19.6,129,0
Austin Wiggins,jennifer28@yahoo.com,25,70,25.0,68,0
Carolyn Nelson,jenniferreeves@yahoo.com,26,80,33.2,124,0
Jamie Smith,meagan19@yahoo.com.au,26,0,0.0,114,0
Ernest Gonzalez,sanchezdustin@gmail.com,45,70,34.2,130,1
Susan Eaton,westmatthew@hotmail.com.au,24,58,31.6,125,0
Anthony Black,christopherreyes@yahoo.com.au,21,60,21.8,87,0
Tiffany Lee,millersteve@hotmail.com,21,64,18.2,97,0
Tyler Scott,angelarichard@yahoo.com,24,74,26.3,116,0
Brittany Garcia,sharon14@yahoo.com,22,66,30.8,117,0
James Lewis,victoriasmith@yahoo.com,31,65,24.6,111,0
Jacob Jennings PhD,dillon79@hotmail.com,22,60,29.8,122,0
Courtney Campbell,stevenwarner@gmail.com,24,76,45.3,107,0
Yvette Martinez,elee@gmail.com,29,66,41.3,86,0
Robert Ford,johnmunoz@hotmail.com,31,0,29.8,91,0
Patricia Welch,lmaynard@hotmail.com.au,24,56,33.3,77,0
Gary Russell,schmidtbilly@yahoo.com.au,23,0,32.9,132,1
Tina Lang,murphyjohn@yahoo.com.au,46,90,29.6,105,0
Monique Jackson,mckaycameron@hotmail.com,67,60,21.7,57,0
Gail Mason,ethan83@yahoo.com.au,23,80,36.3,127,0
Scott Sparks,james00@yahoo.com.au,32,92,36.4,129,1
Matthew Watson,hartmandanielle@yahoo.com,43,74,39.4,100,1
Scott Brown,jack12@hotmail.com.au,27,72,32.4,128,1
Anna Baker,samantha61@hotmail.com,56,85,34.9,90,1
Anna Duffy,garybernard@hotmail.com.au,25,90,39.5,84,0
Joseph Nelson,mannjonathan@hotmail.com.au,29,78,32.0,88,0
Cheryl King,pearsonjennifer@gmail.com,37,90,34.5,186,1
Charles Ramsey,aaron72@gmail.com,53,76,43.6,187,1
Kelly Harris,ethan37@yahoo.com,28,68,33.1,131,0
Janice Downs,courtneymadden@gmail.com,50,82,32.8,164,0
Melissa Spencer,hodgemichael@yahoo.com,37,110,28.5,189,0
Tyler Smith,johnsonalexander@hotmail.com.au,21,70,27.4,116,0
Steve Orozco,craig89@yahoo.com,25,68,31.9,84,0
Michael Michael,jamesphillips@gmail.com,66,88,27.8,114,0
Amanda Swanson,hamiltonholly@yahoo.com,23,62,29.9,88,0
Christopher Osborn,jillianferguson@gmail.com,28,64,36.9,84,0
Kevin Rojas,mariawilliams@yahoo.com.au,37,70,25.5,124,0
Rachel Hale,millerjames@gmail.com,30,70,38.1,97,0
Mark Schmitt,walter05@yahoo.com.au,58,76,27.8,110,0
Andrew Williams,diazlorraine@hotmail.com.au,42,68,46.2,103,0
Amanda Harrison,pjimenez@hotmail.com.au,35,74,30.1,85,0
Amy Adams,susan41@yahoo.com.au,54,76,33.8,125,1
William Price,robert44@hotmail.com.au,28,66,41.3,198,1
Monica Richardson,lindsayshaffer@gmail.com,24,68,37.6,87,0
Nathan Cobb,victoria17@hotmail.com.au,32,60,26.9,99,0
Cathy Hoover,hornerebecca@gmail.com,27,80,32.4,91,0
Lisa Reed,charleshayes@hotmail.com,22,54,26.1,95,0
Taylor Dominguez,michaelsanders@hotmail.com.au,21,72,38.6,99,0
Melinda Jones,kelly01@yahoo.com,46,62,32.0,92,0
Victoria Deleon,prattjustin@yahoo.com,37,72,31.3,154,0
Kevin Martin DDS,phillipskelsey@hotmail.com,33,66,34.3,121,1
Stephanie Rodriguez,anna38@hotmail.com.au,39,70,32.5,78,0
Steven Meyer,bowerspatrick@yahoo.com.au,21,96,22.6,130,0
Claire Hoffman,melissa40@gmail.com,22,58,29.5,111,0
Courtney Smith,salazarjoshua@hotmail.com,22,60,34.7,98,0
Erica Chavez,umcclure@yahoo.com.au,23,86,30.1,143,0
Kyle Cooper,jennifer23@hotmail.com,25,44,35.5,119,0
Joshua Miller,wpayne@yahoo.com.au,35,44,24.0,108,0
Stephanie Gardner,marilyn67@hotmail.com.au,21,80,42.9,118,1
Natalie Porter,bhall@yahoo.com,36,68,27.0,133,0
Sarah Thompson,rachelholmes@yahoo.com,62,70,34.7,197,1
April Fernandez,charlesduncan@hotmail.com,21,90,42.1,151,1
Troy Grant,meghan98@hotmail.com.au,27,60,25.0,109,0
Jodi Gardner,ballelizabeth@yahoo.com.au,62,78,26.5,121,0
Chris Hanson,brett40@hotmail.com,42,76,38.7,100,0
Manuel Jennings,jacob32@hotmail.com.au,52,76,28.7,124,1
Ronald Walker,mirandawalker@hotmail.com.au,22,56,22.5,93,0
Scott Ayers,adrianparker@hotmail.com.au,41,66,34.9,143,1
Ashley Olson,robinsonglenn@hotmail.com.au,29,66,24.3,103,0
Ryan Warren,hortonalexandra@hotmail.com.au,52,86,33.3,176,1
Adriana Ward,trevormorgan@hotmail.com,25,0,21.1,73,0
Gerald Chapman,nathan39@yahoo.com,45,84,46.8,111,1
Sherry Ware,melissa89@yahoo.com.au,24,78,39.4,112,0
Victor Vaughn,martinezcatherine@gmail.com,44,80,34.4,132,1
Nancy Mcclure,timothy62@hotmail.com.au,25,52,28.5,82,0
Brandon Velasquez,sararios@yahoo.com,34,72,33.6,123,0
Carrie Ray,joseph17@yahoo.com.au,22,82,32.0,188,1
Robert Roberts,fwolf@gmail.com,46,76,45.3,67,0
Trevor Bautista,nbailey@hotmail.com,21,24,27.8,89,0
Mark Foster,johnsonedward@hotmail.com.au,38,74,36.8,173,1
Brandon Gonzalez,jessicawilson@yahoo.com,26,38,23.1,109,0
Paul Taylor,benjaminarmstrong@yahoo.com.au,24,88,27.1,108,0
Mary Gibson,nicholas09@yahoo.com,28,0,23.7,96,0
Gregory James DDS,andrea85@yahoo.com.au,30,74,27.8,124,0
Alyssa David,gutierrezdavid@hotmail.com,54,78,35.2,150,1
Debbie Shields,woodbrittany@hotmail.com,36,0,28.4,183,1
Tracy King,burnsrodney@gmail.com,21,60,35.8,124,0
Meagan West,travis36@yahoo.com,22,78,40.0,181,1
Krystal White,brenda83@yahoo.com,25,62,19.5,92,0
Anthony Adams,audrey53@gmail.com,27,82,41.5,152,0
Lisa Shaw,dmitchell@yahoo.com.au,23,62,24.0,111,0
Ronald Gill,robertsonlori@hotmail.com.au,24,54,30.9,106,0
Amy Moore,sarah80@gmail.com,36,58,32.9,174,1
Eric Taylor,thomas12@yahoo.com,40,88,38.2,168,1
Jennifer Duran,jennifergreen@gmail.com,26,80,32.5,105,0
Jeffery Snyder,jenniferwalls@yahoo.com.au,50,74,36.1,138,1
Christian Wallace,christinabeard@yahoo.com,27,72,25.8,106,0
William Mullins,thomasrussell@gmail.com,30,96,28.7,117,0
Dawn Hawkins,frenchrobert@gmail.com,23,62,20.1,68,0
Timothy Jones,samanthasims@hotmail.com,50,82,28.2,112,1
Lauren Horton,heidijames@gmail.com,24,0,32.4,119,1
Jenny Chandler,grayadrian@gmail.com,28,86,38.4,112,0
Edwin Mata,duncankimberly@hotmail.com,28,76,24.2,92,0
Katie Franklin,nealemma@yahoo.com,45,94,40.8,183,0
Elizabeth Richmond,amanda86@gmail.com,21,70,43.5,94,0
Leah Hendrix,thomasdaniel@yahoo.com,21,64,30.8,108,0
Peter Mendoza,brandon64@hotmail.com,29,88,37.7,90,0
George Thomas,tracyjohnson@hotmail.com.au,21,68,24.7,125,0
Stephanie Gomez,melanie40@gmail.com,21,78,32.4,132,0
Michelle Sanders,smithgina@hotmail.com,45,80,34.6,128,0
Joyce Shaw,jonhall@gmail.com,21,65,24.7,94,0
Christopher Anderson,tonyaholmes@hotmail.com.au,34,64,27.4,114,1
Barbara Velasquez,patrick14@gmail.com,24,78,34.5,102,0
Donna Flores,amoon@hotmail.com,23,60,26.2,111,0
Troy Chapman,mortonamber@gmail.com,22,82,27.5,128,0
John Mills,kennedywanda@yahoo.com.au,31,62,25.9,92,0
Jacqueline Garza,shelleybowers@hotmail.com,38,72,31.2,104,1
Mr. John Carter,carriewoods@hotmail.com.au,48,74,28.8,104,0
Michael Forbes,tyler09@gmail.com,23,76,31.6,94,0
Jennifer Schaefer,eugenegreen@yahoo.com.au,32,76,40.9,97,1
Andrea David DDS,kbrown@yahoo.com,28,74,19.5,100,0
Rhonda Wheeler,fhuff@hotmail.com.au,27,86,29.3,102,0
Christina Collins DDS,tarabowers@hotmail.com,24,70,34.3,128,0
Tamara Fisher,patrickjarvis@hotmail.com,50,80,29.5,147,1
Erin Brown,snyderholly@gmail.com,31,0,28.0,90,0
Ariel Miller,xlove@yahoo.com,27,72,27.6,103,0
Bradley Thompson,antonio40@yahoo.com.au,30,74,39.4,157,0
Ryan Ford,smithmichael@gmail.com,33,74,23.4,167,1
Logan Compton,paul00@yahoo.com.au,22,50,37.8,179,1
Jennifer Patterson,michelle00@yahoo.com.au,42,84,28.3,136,1
Ryan Cook,burtondoris@hotmail.com.au,23,60,26.4,107,0
Connie Rivera,cruzscott@yahoo.com,23,54,25.2,91,0
Meghan Rosario,stephengomez@yahoo.com,27,60,33.8,117,0
Steve Neal Jr.,ariana61@gmail.com,28,74,34.1,123,0
Evelyn Pierce,williamperkins@yahoo.com,27,54,26.8,120,0
Stephen Cline,joshua43@yahoo.com,22,70,34.2,106,0
Valerie Frye,blakefrank@yahoo.com,25,52,38.7,155,1
Anthony King,mevans@gmail.com,22,58,21.8,101,0
Tina Robinson,xgrant@yahoo.com.au,41,80,38.9,120,0
Paul Macdonald,rpetty@hotmail.com,51,106,39.0,127,0
Latoya Cooper,joseph21@hotmail.com.au,27,82,34.2,80,1
Katherine Downs,stacey25@gmail.com,54,84,27.7,162,0
Debbie Harris,tammy65@hotmail.com.au,22,76,42.9,199,1
Timothy Wheeler,ucarlson@hotmail.com,43,106,37.6,167,1
Jeremy Rodriguez,tvelasquez@hotmail.com,40,80,37.9,145,1
Amy Knight,eric54@yahoo.com,40,60,33.7,115,1
Ryan Santos,uross@yahoo.com.au,24,80,34.8,112,0
Donald Brown,jessicajones@yahoo.com,70,82,32.5,145,1
Allison Turner,barbarawelch@yahoo.com.au,40,70,27.5,111,1
James Gilbert,rodneymiller@hotmail.com,43,58,34.0,98,0
Terry Arnold,owade@yahoo.com.au,45,78,30.9,154,0
David Powell,jenniferortega@yahoo.com,49,68,33.6,165,0
James Nicholson,jermaine84@gmail.com,21,58,25.4,99,0
Stephen Jones,lloydsharon@gmail.com,47,106,35.5,68,0
Derek Jones DDS,elizabethjones@yahoo.com.au,22,100,57.3,123,0
Angel Harris,bleonard@yahoo.com.au,68,82,35.6,91,0
Jason Young,bellandrew@hotmail.com,31,70,30.9,195,1
Douglas Bowman,ronald04@hotmail.com,53,86,24.8,156,1
Ernest Walker,martinevan@yahoo.com.au,25,60,35.3,93,0
William Castaneda,karensanchez@hotmail.com,25,52,36.0,121,1
Kenneth Nelson,coffeywhitney@hotmail.com.au,23,58,24.2,101,0
Ashley Mendoza,ycharles@gmail.com,22,56,24.2,56,0
Samantha Thomas,sherylgreen@hotmail.com,26,76,49.6,162,1
Erin Hughes,isaac63@gmail.com,22,64,44.6,95,0
Michelle Perry,caleb43@gmail.com,27,80,32.3,125,1
Darryl Bauer,gberry@yahoo.com,69,82,0.0,136,0
Colleen King,millerrebecca@yahoo.com,25,74,33.2,129,0
Christopher Johnson,donna87@gmail.com,22,64,23.1,130,0
Michael Morris,jennifer82@yahoo.com,29,50,28.3,107,0
Patricia Jones,ccarter@yahoo.com,23,74,24.1,140,0
Wesley Williamson,drewbennett@yahoo.com.au,46,82,46.1,144,1
Matthew Horn,nelsonandrew@yahoo.com,34,80,24.6,107,0
James Romero,shaunjimenez@hotmail.com,44,114,42.3,158,1
Latoya Smith,bobbyvargas@hotmail.com,23,70,39.1,121,0
David Barnett,williamsaudrey@yahoo.com,43,68,38.5,129,1
Maria Thompson,jose80@yahoo.com.au,25,60,23.5,90,0
Ryan Nunez,donna19@yahoo.com,43,90,30.4,142,1
Christopher Lee,whernandez@yahoo.com.au,31,74,29.9,169,1
Joseph Pearson,james63@gmail.com,22,0,25.0,99,0
Cassie Sanchez,meganhaney@yahoo.com,28,88,34.5,127,0
Stephen Harris,coryfernandez@hotmail.com.au,26,70,44.5,118,0
Chelsea Mclaughlin,chaselisa@yahoo.com,26,76,35.9,122,0
Jill Ortiz,heather68@yahoo.com.au,49,78,27.6,125,1
Brandon Morris,nthomas@yahoo.com.au,52,88,35.0,168,1
Jeffrey Montgomery,ostone@hotmail.com,41,0,38.5,129,0
Mrs. Lauren Johnson MD,josephbass@hotmail.com,27,76,28.4,110,0
Sherry Berry,rose00@yahoo.com,28,80,39.8,80,0
Peter Powell,pmartin@gmail.com,30,0,0.0,115,1
Stacy Martinez,shelby62@yahoo.com,22,46,34.4,127,0
Jeffrey Woods,timothy64@hotmail.com.au,45,78,32.8,164,1
Daniel Kim,smithjohn@yahoo.com,23,64,38.0,93,1
Andrea Love,george52@hotmail.com,24,64,31.2,158,0
Erin Richardson MD,daniel71@hotmail.com,40,78,29.6,126,0
Dylan Valenzuela,lhunter@hotmail.com.au,38,62,41.2,129,1
Karen Smith,kellybooth@yahoo.com.au,21,58,26.4,134,0
James Martin,norrisdaniel@hotmail.com.au,32,74,29.5,102,0
Kenneth Schmidt,christine97@hotmail.com.au,34,50,33.9,187,1
Sherri Colon,daniellesolomon@yahoo.com.au,31,78,33.8,173,1
Garrett Carpenter,rowebelinda@hotmail.com.au,56,72,23.1,94,0
Bobby Landry,burtondiane@hotmail.com.au,24,60,35.5,108,0
Julie Curry,jenniferwilliams@gmail.com,52,76,35.6,97,1
Robert Foley,ncarroll@hotmail.com,34,86,29.3,83,0
Lori Stephens,philipshelton@gmail.com,21,66,38.1,114,0
Catherine Johnson,amanda46@hotmail.com,42,68,29.3,149,1
Mr. Michael Payne,brittanybauer@gmail.com,42,86,39.1,117,0
Jennifer Neal,jshaffer@gmail.com,45,94,32.8,111,0
Robert Rowe,jacobscindy@gmail.com,38,78,39.4,112,0
Roger Marks,brownhannah@hotmail.com.au,25,78,36.1,116,0
Daniel Nelson,michelle96@yahoo.com,22,84,32.4,141,0
Jon Evans,ismith@yahoo.com.au,22,88,22.9,175,0
Tara Maxwell,vsanchez@hotmail.com.au,22,52,30.1,92,0
Cindy Murray,johnsonmadison@hotmail.com,34,78,28.4,130,1
Ricky Lutz,matthewlewis@hotmail.com.au,22,86,28.4,120,1
Morgan Zuniga,margaret59@hotmail.com.au,24,88,44.5,174,1
Brian Andrews,dgray@gmail.com,22,56,29.0,106,0
David Dixon,philliphayden@yahoo.com,53,75,23.3,105,0
Donald Adams MD,michellehoward@hotmail.com,28,60,35.4,95,0
April Smith,vbradley@yahoo.com,21,86,27.4,126,0
Christina Bryant,johnwilson@gmail.com,42,72,32.0,65,0
Angela Davis,griffinnicholas@hotmail.com.au,21,60,36.6,99,0
Steve Nelson,htaylor@hotmail.com,42,74,39.5,102,1
Melissa Conway,kristievillegas@hotmail.com,48,80,42.3,120,1
Steven Wilson,ashleybranch@yahoo.com.au,26,44,30.8,102,0
Mary Baker,bbryan@gmail.com,22,58,28.5,109,0
Jacob Ball,ghatfield@yahoo.com.au,45,94,32.7,140,1
Timothy Logan,vincent74@yahoo.com,39,88,40.6,153,0
Robert Parker,dawn11@gmail.com,46,84,30.0,100,0
Joshua Miller,xsullivan@gmail.com,27,94,49.3,147,1
Wendy White,dbrown@yahoo.com,32,74,46.3,81,0
Jillian Clayton,jhenson@hotmail.com,36,70,36.4,187,1
Deanna Perkins,dgeorge@yahoo.com,50,62,24.3,162,1
Alexander Vaughn,yoderadam@hotmail.com,22,70,31.2,136,1
John Cordova,bestrada@yahoo.com.au,28,78,39.0,121,0
Manuel Wilson,brandon84@yahoo.com,25,62,26.0,108,0
Melissa Harvey,rhonda67@hotmail.com,26,88,43.3,181,1
Jared Bauer,hfoley@hotmail.com,45,78,32.4,154,1
Phillip Lin,ssmith@hotmail.com,37,88,36.5,128,1
Jay Ford,connorstewart@yahoo.com,39,90,32.0,137,0
Elizabeth Jones,alexdelgado@yahoo.com.au,52,72,36.3,123,1
Andrea Davenport,ogarza@yahoo.com,26,76,37.5,106,0
Richard Green,vcole@yahoo.com.au,66,92,35.5,190,1
Gerald Scott,brianthompson@yahoo.com,22,58,28.4,88,0
Sara Greer,gregory16@hotmail.com.au,43,74,44.0,170,1
Stephanie Burgess,lindamiller@yahoo.com,33,62,22.5,89,0
Melinda Pugh,fernandezsusan@gmail.com,63,76,32.9,101,0
Christopher Bailey,theresa96@gmail.com,27,70,36.8,122,0
Jesse Brewer,karen02@gmail.com,30,72,26.2,121,0
Sarah Jackson,bernardjohn@gmail.com,47,60,30.1,126,1
Robert Cooper,kellysanchez@yahoo.com,23,70,30.4,93,0
